{
  "templates": [
    {
      "name": "OpeningTitle",
      "layers": [
        {
          "type": "text",
          "content": "CHRONOS ECHOES",
          "font": "Orbitron",
          "weight": "Bold",
          "size": 96,
          "color": "#00E6FF",
          "align": "center"
        },
        {
          "type": "text",
          "content": "A Meta Horizon Worlds Experience",
          "font": "Poppins",
          "weight": "Regular",
          "size": 48,
          "color": "#FFFFFF",
          "align": "center",
          "offsetY": 80
        }
      ],
      "duration_sec": 3.0,
      "fade_sec": 1.0
    },
    {
      "name": "LowerThird",
      "layers": [
        {
          "type": "text",
          "content": "Every Action Shapes the Next Cycle",
          "font": "Poppins",
          "weight": "Regular",
          "size": 60,
          "color": "#FFFFFF",
          "align": "center",
          "position": "lower"
        }
      ],
      "duration_sec": 2.0,
      "fade_sec": 0.5
    },
    {
      "name": "MidTitle",
      "layers": [
        {
          "type": "text",
          "content": "Together We Restore What Was Lost",
          "font": "Poppins",
          "weight": "Light Italic",
          "size": 64,
          "color": "#00FFFF",
          "align": "center"
        }
      ],
      "duration_sec": 3.0,
      "fade_sec": 0.5
    },
    {
      "name": "FinalTag",
      "layers": [
        {
          "type": "text",
          "content": "CHRONOS ECHOES",
          "font": "Orbitron",
          "weight": "Bold",
          "size": 90,
          "color": "#00E6FF",
          "align": "center"
        },
        {
          "type": "text",
          "content": "Shape the Future \u00b7 Unravel the Past",
          "font": "Poppins",
          "weight": "Regular",
          "size": 48,
          "color": "#FFFFFF",
          "align": "center",
          "offsetY": 80
        },
        {
          "type": "text",
          "content": "horizon.meta.com/worlds/chronosechoes",
          "font": "Poppins",
          "weight": "Regular",
          "size": 44,
          "color": "#FFFFFF",
          "align": "center",
          "offsetY": 140
        }
      ],
      "duration_sec": 10.0,
      "fade_sec": 1.0
    }
  ]
}